{
  "config_name": "config4",
  "num_seeds": 3,
  "success_rate_mean": 0.6016666666666667,
  "success_rate_std": 0.09605669622097611,
  "eval_mean_mean": 0.6016666666666667,
  "eval_mean_std": 0.09605669622097611,
  "eval_std_mean": 0.4792662796835736
}